-- MySQL dump 10.13  Distrib 5.7.28, for Win64 (x86_64)
--
-- Host: 47.103.192.147    Database: my_fix_system
-- ------------------------------------------------------
-- Server version	5.7.31

/*!40101 SET @OLD_CHARACTER_SET_CLIENT=@@CHARACTER_SET_CLIENT */;
/*!40101 SET @OLD_CHARACTER_SET_RESULTS=@@CHARACTER_SET_RESULTS */;
/*!40101 SET @OLD_COLLATION_CONNECTION=@@COLLATION_CONNECTION */;
/*!40101 SET NAMES utf8 */;
/*!40103 SET @OLD_TIME_ZONE=@@TIME_ZONE */;
/*!40103 SET TIME_ZONE='+00:00' */;
/*!40014 SET @OLD_UNIQUE_CHECKS=@@UNIQUE_CHECKS, UNIQUE_CHECKS=0 */;
/*!40014 SET @OLD_FOREIGN_KEY_CHECKS=@@FOREIGN_KEY_CHECKS, FOREIGN_KEY_CHECKS=0 */;
/*!40101 SET @OLD_SQL_MODE=@@SQL_MODE, SQL_MODE='NO_AUTO_VALUE_ON_ZERO' */;
/*!40111 SET @OLD_SQL_NOTES=@@SQL_NOTES, SQL_NOTES=0 */;

--
-- Table structure for table `ADMIN_TB`
--

DROP TABLE IF EXISTS `ADMIN_TB`;
/*!40101 SET @saved_cs_client     = @@character_set_client */;
/*!40101 SET character_set_client = utf8 */;
CREATE TABLE `ADMIN_TB` (
  `work_id` varchar(32) COLLATE utf8mb4_unicode_ci NOT NULL COMMENT '工号 工号',
  `name` varchar(128) COLLATE utf8mb4_unicode_ci NOT NULL COMMENT '姓名',
  `gender` varchar(32) COLLATE utf8mb4_unicode_ci DEFAULT NULL COMMENT '性别',
  `password` varchar(32) COLLATE utf8mb4_unicode_ci NOT NULL COMMENT '密码',
  `join_date` datetime NOT NULL DEFAULT '2020-08-01 00:00:00' COMMENT '入职时间',
  `phone` varchar(32) COLLATE utf8mb4_unicode_ci NOT NULL COMMENT '手机号',
  `details` varchar(3072) COLLATE utf8mb4_unicode_ci DEFAULT NULL COMMENT '详细说明',
  `address` varchar(200) COLLATE utf8mb4_unicode_ci DEFAULT NULL COMMENT '家庭住址',
  `department` varchar(100) COLLATE utf8mb4_unicode_ci DEFAULT NULL COMMENT '所属部门',
  `email` varchar(50) COLLATE utf8mb4_unicode_ci DEFAULT NULL COMMENT '邮箱',
  `place` varchar(200) COLLATE utf8mb4_unicode_ci DEFAULT NULL COMMENT '籍贯',
  `idnumber` varchar(30) COLLATE utf8mb4_unicode_ci DEFAULT NULL COMMENT '身份证号',
  `ground` varchar(30) COLLATE utf8mb4_unicode_ci DEFAULT NULL COMMENT '职位',
  PRIMARY KEY (`work_id`)
) ENGINE=InnoDB DEFAULT CHARSET=utf8mb4 COLLATE=utf8mb4_unicode_ci COMMENT='管理员表 管理员的个人信息、手机号、个人介绍';
/*!40101 SET character_set_client = @saved_cs_client */;

--
-- Dumping data for table `ADMIN_TB`
--

LOCK TABLES `ADMIN_TB` WRITE;
/*!40000 ALTER TABLE `ADMIN_TB` DISABLE KEYS */;
INSERT INTO `ADMIN_TB` (`work_id`, `name`, `gender`, `password`, `join_date`, `phone`, `details`, `address`, `department`, `email`, `place`, `idnumber`, `ground`) VALUES ('201835070111','张三','男','1234','2020-08-01 00:00:00','1312888888','俺就是个小透明',NULL,NULL,NULL,NULL,NULL,NULL),('201835070322','李四','男','1sss234','2020-08-01 00:00:00','13128834248','俺就是个小透明',NULL,NULL,NULL,NULL,NULL,NULL),('201835070344','alsritter','男','12342121','2020-08-01 00:00:00','13128863128','这是 创客大赛2020 hackbub 爆栈队作品~~~','','系统管理员','','','','系统管理员'),('201835070999','钱七','男','123sss4','2020-08-01 00:00:00','1313218888','俺就是个小透明',NULL,NULL,NULL,NULL,NULL,NULL),('201835072122','赵六','女','123dwd4','2020-08-01 00:00:00','1312887778','俺就是个小透明',NULL,NULL,NULL,NULL,NULL,NULL),('admin','admin','男','admin','2020-08-01 00:00:00','1234567890','超级管理员',NULL,NULL,NULL,NULL,NULL,NULL);
/*!40000 ALTER TABLE `ADMIN_TB` ENABLE KEYS */;
UNLOCK TABLES;

--
-- Table structure for table `FAULT_TB`
--

DROP TABLE IF EXISTS `FAULT_TB`;
/*!40101 SET @saved_cs_client     = @@character_set_client */;
/*!40101 SET character_set_client = utf8 */;
CREATE TABLE `FAULT_TB` (
  `fault_class` varchar(32) COLLATE utf8mb4_unicode_ci NOT NULL COMMENT '故障类别 类型',
  PRIMARY KEY (`fault_class`)
) ENGINE=InnoDB DEFAULT CHARSET=utf8mb4 COLLATE=utf8mb4_unicode_ci COMMENT='故障类别 故障类别';
/*!40101 SET character_set_client = @saved_cs_client */;

--
-- Dumping data for table `FAULT_TB`
--

LOCK TABLES `FAULT_TB` WRITE;
/*!40000 ALTER TABLE `FAULT_TB` DISABLE KEYS */;
INSERT INTO `FAULT_TB` (`fault_class`) VALUES ('一卡通报修'),('中央空调'),('停水'),('停电'),('其它'),('厕所堵住了'),('洗衣机'),('空调'),('网络问题'),('设备报修');
/*!40000 ALTER TABLE `FAULT_TB` ENABLE KEYS */;
UNLOCK TABLES;

--
-- Table structure for table `Massage_TB`
--

DROP TABLE IF EXISTS `Massage_TB`;
/*!40101 SET @saved_cs_client     = @@character_set_client */;
/*!40101 SET character_set_client = utf8 */;
CREATE TABLE `Massage_TB` (
  `massage_id` int(11) NOT NULL AUTO_INCREMENT COMMENT '消息 id 自增',
  `create_date` datetime NOT NULL DEFAULT '2020-08-01 00:00:00' COMMENT '发布消息的时间',
  `work_id` varchar(32) COLLATE utf8mb4_unicode_ci NOT NULL COMMENT '工号 发布者的工号',
  `massage` varchar(3072) COLLATE utf8mb4_unicode_ci DEFAULT NULL COMMENT '消息内容',
  `title` varchar(50) COLLATE utf8mb4_unicode_ci DEFAULT NULL COMMENT '文章标题',
  `url` varchar(200) COLLATE utf8mb4_unicode_ci DEFAULT NULL COMMENT '文章可能插入的图片',
  PRIMARY KEY (`massage_id`),
  KEY `work_id` (`work_id`),
  CONSTRAINT `Massage_TB_ibfk_1` FOREIGN KEY (`work_id`) REFERENCES `ADMIN_TB` (`work_id`)
) ENGINE=InnoDB AUTO_INCREMENT=30 DEFAULT CHARSET=utf8mb4 COLLATE=utf8mb4_unicode_ci COMMENT='消息表 记录发布的消息数据';
/*!40101 SET character_set_client = @saved_cs_client */;

--
-- Dumping data for table `Massage_TB`
--

LOCK TABLES `Massage_TB` WRITE;
/*!40000 ALTER TABLE `Massage_TB` DISABLE KEYS */;
INSERT INTO `Massage_TB` (`massage_id`, `create_date`, `work_id`, `massage`, `title`, `url`) VALUES (1,'2020-08-01 00:00:00','201835070111','随着现实生活的不断改变，个人追求与家庭预期、社会角色正不断产生落差和错位。有些人一意孤行，逃避落差。但在我看来，直面落差和错位，仔细审视分析，方能成就自我。首先要明确的是，落差和错位并不是一种错误。相反，若一个人一辈子都听从家庭和社会，没有丝毫的个人意志，这样即使没有落差和错位，他的人生也注定如“提线木偶”，了无生气。王小波说过：“指标这东西是一切浪漫情调的死敌。”因而落差和错位的产生，突破了“指标”的局限，象征着浪漫的人文主义，我们对此无须恐惧。\r\n\r\n\r\n“个人主义”的成长难免带来人们思想的改变。费孝通《乡土中国》中提到的“家长制社会”正不断解构，孩子有表达自我的权利，有追逐梦想的权利。当梦想与家长期许不一致时，就导致了个人与家庭的落差。\r\n\r\n\r\n而另一方面，随着时代发展和科技进步，我国产业多元化特征越来越明显，产业多元意味职业多元，也意味人们的选择多元。当个人选择与社会角色产生偏差，这便导致个人与社会的错位。\r\n\r\n\r\n对于落差与错位，我们无须恐惧担忧，也不可忽视逃避。而要选择直面它们，叩问心灵。放任落差在家庭中的滋生很可能会导致矛盾的爆发。因此当落差产生时，我们务必要与家人展开沟通。雨果说过：“不被听见不是沉默的理由。”就算父母家人不赞同你的选择，但一场灵魂与心灵的共享无疑是解决矛盾、培育温情的不二法门。我们允许个人与家庭期许存在落差，但绝不能让这落差变成利刃，刺伤彼此的感情信任。\r\n\r\n\r\n然而当社会错位产生时，我们必须再次拷问自我。这真的是你的梦想吗?这真的是你的未来期望吗?原因在于，偏离社会角色、时代使命的目标实践起来会受到社会和时代的阻力而十分困难。如果只凭一时“逆流”的新鲜感，就如目无东海的井蛙，最后只剩一场空。而若你坚守自我，坚定目标，社会错位只会是助力。一方面，竞争者减少；另一方面，获得成就的关注度增加。《南方周末》的新年贺词中说过：“参差百态成为幸福的本愿。”我们的社会需要这样一部分的“错位者”，这彰显了人类追求真我的执着，也使得社会生活更加丰富多彩，“参差百态”的社会才是幸福的社会。如若任凭社会角色的“流水线”诞生，自我意志就被社会意志所取代，末日也就不远了。\r\n\r\n\r\n直面个人与家庭、社会的落差错位，做出判断，方能成就自我。再以这样一个自我，助力家庭的和睦和谐和社会的转型进步，“共襄海晏河清之大同”!\r\n',NULL,NULL),(2,'2020-08-01 00:00:00','201835072122','现代科技的飞速发展，给我们的生活带来了极大的便利。未来仿佛一部手机在手，绝大部分生活中的人工劳动都可以轻松地由智能替代，比如，洗衣做饭、卫生保洁都可以由编程机器人替代，甚至，连妈妈叫我遛个狗，都可以让我家的机器人代劳。科技的发展，人工智能机器能几十、上百倍地提高人工生产力，标准化地操作，质量也大为改观，工作效率和本领效果更是惊人。AlphaGo先后击败韩国围棋国手李世石和中国围棋天才柯洁；无人机、无人汽车的先后投产等，极大改变了我们生活的质量和生活节奏。但是，大家不要忘了，在科技改变生活的同时，我们是不是因为过度依赖科技而变懒了？是不是以为科技能替代生活中的大大小小劳动事项？  \r\n\r\n人工智能的迅速发展，为人的自由全面发展创造了条件。但是，我感觉我们现代人太过于依赖科技成果。从我们中学生的视角，原先需要查阅纸质工具书的烦琐，被计算机网络的迅速便捷替代；阅读上，更是觉得电子书携带和翻阅便捷，以致可能很长一段时间，我们都没有认真拿起过一本纸质书而导致阅读能力下降。生活中有了除尘机器人，我们都很久没有收拾过自己的屋子，对居住多年的房子逐渐感到陌生；恍惚中，最体现生活智能化的手机即是一切……  \r\n\r\n人工智能固然便捷高效，如果不慎重对待科技，忽略了人的劳动实践，它也会消解我们人生的意义和价值。要知道，科技本质上是为了实现人的对象性力量，四十多年前，人工智能发展的初衷不过是作为人的“无机的身体”。试想：如果未来发展方向，是科技一步步取代一个人的正常生活节奏，那我们人存在的价值和意义又在哪里呢？再仔细思量，人之所以成为人而区别于其他万物，正在于人具备思考能力——能创造和使用劳动工具——且不断地用勤劳的双手改变彼时和此时的生存环境。在百万年的漫长时光里，依靠劳动实践探索，现代人从人猿一步步进化而来，直至逐步人工智能化的今天。所以，即便是人工智能化，那也是人类为进一步创造美好生活而努力思考，并且用双手勤奋劳动创造出来的科技价值。它本质上是我们人劳动创造的成果。  \r\n\r\n百年前，孙中山先生说：“天下大势，浩浩荡荡，顺之者昌，逆之者亡。” 人工智能是我们生活的需要，是未来社会的发展趋势，是历史的必然。我们需要拥抱科技给我们生活带来的便利，但也必须树立科技时代的生活思维，清醒地认识到：人工智能不可能完全替代人，我们更不能主动让人工智能完全取代我们的思维和劳动，而成为“高能白痴”。对于劳动的价值和意义，我们依然要理性且心存敬畏！除了防范人工智能失控等“异化”风险，作为现代人，我们更要坚持人作为人存在的价值理性和人生意义——未来的美好的智能生活，仍然需要我们现在和未来“干一行、爱一行”地发挥人的主体能动性，扎扎实实地为社会劳动奉献，成就丰富多彩而有价值的人生。 ',NULL,NULL),(3,'2020-08-01 00:00:00','201835070344','①说风，可以从我小时候居住的环境追溯过来。这个滨海小城，走几步就可以看到逐排推动的雪浪花；而城市的另一面，则是终年绿意披拂的高山。这个小城的古典气味，就在海风和山风的冲兑下回旋，漾来漾去。\r\n②小城人家安然地度着夏日，每人一把蒲扇，指掌轻轻收住扇把，左右摇动。一个没有任何降温设备的居家生活，从夏日里探到了它的朴素和简单，同时充满了对于气候轮转的乐于接受，还有婉约的调整，调整到稍稍适应即可，用一把充满草香的蒲扇。这与如今终日在写字楼内，空调的制动使整座大楼冷飕飕不同，白领可以在夏日穿着笔挺的西服，却不知，一个人不感受夏日之炎热，是辜负了这个时节固有的赏赐。\r\n③总是在晚饭的时候，借助夕阳的余晖品尝，每一口饭和菜，都充满芳香。一盏忽忽悠悠的煤油灯摆上了桌，火舌温柔、委婉，昏黄暗淡，却可以照见一家老小。在摇曳的火舌下，厨房里是母亲熟练运动着的双手，碗碟正在被涮洗，暗中反射着寒光。没有电灯通明的老宅，简陋中透着温馨，是一种干稻草堆那般的温暖。\r\n④有一些人注定要离乡背井，到更广阔的空间接受风雨的扑打。我从风中的山野来到这个省会城市，已经二十六岁，又高又瘦如风中之丝。城市是乡村的怪胎，许多的空旷越来越紧密地被高层建筑挤占，似乎不占尽空间就不足以称城市。一座高大的建筑就是一面挡风的盾牌，盾牌多了，激荡的风难以穿越。城市闷热起来，蒲扇已经消失，电器降温设备在炎炎夏日的居室里制造着非自然的情调。有时也能巧遇故旧，当我放弃大路钻入小巷，风突然旋转而至，皮肤准确地判断它来自高空或者原野。即使城市生活久了，皮肤的感觉依旧，像一小节细微的芒刺拂动，有一点幸福的异样。\r\n⑤台风是这个城市最大的威胁。当我们看到台风时，已经是这股力量穿行过后留下的破坏痕迹了——楼房倒塌，桥梁倾圮，林木拔起，船只颠覆。装点城市的无数大型广告，妖冶的美女花容失色，断成几节，只余一只煽情的眼。每一次台风过去，城市惊魂未定。对于大自然而言，只不过是它一次急促的呼吸罢了。\r\n⑥曾经有一出戏代表了一个时代对于风的强硬态度，它的名字叫《战台风》。当几百万知青躬耕于大野，对于自然的力量不寒而栗时，这出戏的出现，增添了人们不自量力的胆魄，面对台风、暴雨、山洪、泥石流，以血肉之躯去抵挡的人不在少数。\r\n⑦然而，自然界永远是一幅广阔高迥的相貌，深含超人的力量。人类无法拒绝风，无法改变风的走向，人的自尊自 信受到了风的挑战。人在长大，除了肉身的伸张之外，更重要的标志是人的思维摆脱了愚昧，走上了正常的轨迹。我注意到，面对破坏力强大的风，人们已经从迎战转为躲避，避其锋芒、尖锐，不再侈谈人定胜天这类空话。渔船靠港、学校放假，举村迁移，这些都是认识上的觉醒和进步——没有什么比人的生命更加紧要，人在大自然自然面前低头，并不是人类的羞耻。\r\n⑧在风中，我们长大。\r\n',NULL,NULL),(4,'2020-08-01 00:00:00','201835070111','①坐在开满淡紫色花朵的苦楝下，人就有一种易碎感。沾满雨水的花不断地掉落下来，把地面涸润了一片。这种树的枝条如此易折，使我每次攀爬都分外掂量。也许正是木质疏松的原因，每到夏日苦楝树上聚集起大量的蝉，黑黑发亮，长调满耳，浮云一般的绿叶和紫气氤氩的花朵，人们却不敢有攀爬的觊觎。\r\n②苦楝树的易折是实践中得到的体验。攀上树杈，看起来手臂一样粗的枝条就瑟瑟发颤。力量控制不好，枝条就在清脆的声响中断开，露出白生生的茬口，使上树的人心绪慌乱。别的树种，如相思，再细的枝条也有很坚韧的弹性，甚至像绞被单那般扭转也难以断裂。每一棵树都顶着一头绿荫，它的承重力却如此不同，不过，我还是喜欢在苦楝树下，甚至一阵风吹过，花就不偏不倚地落在脖子里。\r\n③援藏的时候，牧民送了一只小藏獒给他，它慢慢长大，像一只小型的狮子了，威猛无比。它只认识主人一人，对主人的亲戚朋友一概冷漠。它不乐意的时候，喉咙里如同有闷雷滚过，让人心生寒气。缺氧的高原，更多的异乡人在考虑生命的价值，考虑具体的五脏六腑的承受力。冬日到了，叶片脱尽，树木成为一副副嶙峋的骨架，这些南方人开始流鼻血。如果不是工作需要，谁也不会整整三年以肉身对抗如此恶劣的生存环境。和世代居住者不同，外来人要忍受生存的差异，这使他们更加眷恋故乡的苍翠深蔚、澄碧明净。三年过去，与他荣归的物品中，比别人多了一只神勇的藏獒。南方依旧富庶，依旧适宜休养生息，这只爱犬理所当然得到了最好的待遇，它的形态和神采让这个城市任何品种的狗黯然失色。\r\n④前不久，我向他打听这只藏獒。他说，死了，死于肺水肿。他的本意是带它回南方享福的。不料南方的暖和、潮湿，一日一日损耗它的肢体。此时，它的同胞兄弟正在缺氧的高原狂奔、扑咬，锐不可挡。\r\n⑤许多植物或者动物不能安生，或者不能按照自己的历程进化，都缘于有一部分人热衷运用自己的聪明来改变它们的习性。我注意到这种情形已经很久了，大概是从知道米丘林的时候开始。少年如我，有幸在自己的果林菜园品尝到原汁原味的果蔬，嗅到不同品类果蔬发自内心的气味，它们绝对不会混在一起的。个性就是这样，即便枝叶相似，果实同形，气味和滋味是以差异来体现的米丘林等人出现之后，本真的果实得到了篡改。个头大到了夸张，滋味似此似彼，缺乏独到。当然，由于米丘林嫁接和杂交之功，价格更上一层。少年时我啃食的番石榴，那么小，在掌中，洁净地金黄色泽，香味馥郁。用手掰开，里边的瓤已融在一起，很适宜樱桃小口的轻轻小咬。我往往绕过超市这些大而无当的品种，在一些不起眼的小摊前停了下来——我嗅到了童年时土生土长的果实的气味。\r\n⑥花鸟市场是我假日喜爱的去处，看一些世相折射下的杰作——那么多的真真假假、疑真疑幻的青铜、陶瓦、牙角。后来我渐渐少去了，要进入内部需要穿过一段宠物的长廊，许多面相怪异的鸟兽在笼子里跳跃、尖叫。像狗不是狗，像猫不是猫，像鼠又不是鼠，一眼可见都是人工借助科学生产出来的怪物。唯其物怪而贵。人们在怪物中穿行、拣选，交易。这些物种与祖先相比，已经极大地被改造了。人们根据奇怪的原则来改造，使其尽可能靠近交易的最大值。在人主宰的世界里，其他物种也是脆弱的，人们不愿让它们自行进化，而混杂这些物种的特性。我惧怕这种人为的改造。   \r\n⑦在易折的苦楝树下坐着，我顿生一种脆弱，一阵风来，也不由自主地跟着晃动一下，陷入了沉思之中……',NULL,NULL),(5,'2020-08-01 00:00:00','201835070322','空无一叶的九重葛，整个冬日在寒风中抖瑟。近日发现有星点紫红色的叶芽从枝条的骨节探出，每一日都非常微弱地发展。与此同时，朋友赠送的洋兰，细细地看，正在敛约着极盛时刻的嫣红，细微地走向它的反面。这两种走向，因为太细了，往往让人浑然无觉。\r\n正常的生长或者凋零，都是在难以分辨中进行的。在叙述这种进展程度时，我经常运用两个字——渐渐。\r\n一滴融入了清水的墨，坠落在白色宣纸上会有多大，效果如何，一般人是难以言说的。有的人挥毫时左手总是攥着一团卫生纸，墨一入纸，便飞蛾扑火般地敷上去，吸干。于是右手不断地写，左手不断地吸，一眼可见手头功夫的匮乏。同时，左手这个寒酸的动作与优雅的右手难以匹配。我习惯了墨汁垂落，宣纸柔软承露般地接住它的圆润，然后缓缓化开。其向着外围扩散的模样毛茸茸的，内浓外淡，内黑外白，非人工可以合成。搁笔后挂起，品一盅茶后再去看看，晕化恰到好处，比挥毫时刻多了一些水乡气息。因为渐渐，才如此微妙。\r\n深沉的夜色里，宁静中传来更夫的脚步声，还有低沉的梆声。好像时间是由更夫带来的，由他来向梦中人传达时间的进度。在一个缺乏钟表的年份，更夫出现，在深夜里，替人守时，使梆声飘入睡意里。夜，在渐渐中流转。那些赶早的人满怀感激，起身收拾行囊，穿过夜幕渐淡阗寂的街巷，悄悄地消失在远处。不少旧日的文本都展示了这个情节，甚至由更夫把夜间许多叙事的残片缝缀起来，让深沉的夜晚有一些动感——在更夫的步履下，舒缓的、浸润的青石板路面上，共同地流露出连绵的湿意。\r\n一位小姐倚在临街窗旁，右手执一柄描花纨扇，正朝窗外张望。街面上耍把戏的正在调遣三寸不烂之舌，寻常话语一经渲染，灿若桃花。小姐渐渐笑了，很平和。她把手抬起来，让纨扇更近于自己的脸庞，一旦笑颜大展，纨扇已经遮掩了春色。春色三分毋须多，泛滥起来就不那么可爱了。像一夜秋风凌厉，打落万千叶片，这与我偏重于渐渐的心理相违。有的黄叶就能生出一些美感。它是先落下两片，再落下两片。一点点地递进，含蓄文雅，有一种长调般的韵味。让人端详着树顶，晚秋正在缓步移近，天空在落叶的疏朗中渐大，这个秋天才算是一步一步被拥有了。\r\n孩子渐渐地长大了，长辈渐渐地老去，每个人都朝着自己相反的方向进展，由小到大，由壮而衰。老子是不看好强壮的，物壮则老，他说。在他眼里，人最好不要长大，永远地柔、弱，这样就有无限生机。生活慢下来时，孩童说着稚气无忌的话语，无知以至无畏。疏离了天性，超常地精明有心计，善于察言观色，在我眼里，这样的孩童就让人讨嫌了。我读到几幅儿童书法，笔下老到，甚至老气横秋，心里就十分惋惜。在这个变数很大的空间里，没有多少人乐意那么长久地等待。一粒花蕾，不要急于让它成为一朵花。生活的节奏在看不见的地方支配着我们的手脚呢。\r\n主人从草地上觅食的鸡群里挑了一只芦花色的公鸡，作为款待客人的佐食佳肴。从炖罐里飘出来的肉香，让人贯串起放纵奔跑于田畴地角、花径草丛中正常生长的过程。从出壳到长成，完全是自然而然的积累，允许生长的缓慢。主人安时处顺的生存观，显然有过人的耐心。我们在口舌感到快感的同时，还有一种美感，渐渐递增起来的美感。\r\n像自然草木那样，渐渐地生，渐渐地长，渐渐地枯黄；像自然四季那样渐渐地来，渐渐地渗透，渐渐地转换。我们的日子，真要原生态一些，还真得倚仗渐渐了。',NULL,NULL),(6,'2020-09-16 15:31:47','201835070344','王安石写梅：“墙角数枝梅，凌寒独自开。遥知不是雪，为有暗香来。”那应该写的不是蜡梅，因为梅花的淡香是暗香，而蜡梅的浓香是明香。蜡梅花黄似蜡，浓香扑鼻，一闻就神魂颠倒，让人心生迷恋之情。\r\n\r\n杨万里书房里常有蜡梅：“小阁明窗半掩门，看书作睡正昏昏。无端却被梅花恼，特地吹香破梦魂。”那香很浓，吹香破梦。李商隐《十一月中旬至扶风界见梅花》写道：“匝路亭亭艳，非时裛裛香。素娥唯与月，青女不饶霜。”严寒冬月，蜡梅盛开时节的花香，形影相随，令人销魂。\r\n\r\n“雪霁天晴朗，蜡梅处处香，骑驴把桥过，铃儿响叮当；好花采得瓶供养，伴我书声琴韵，共度好时光。”这首歌唱蜡梅花香的歌谣让我寻回少年时光的幸福记忆，那是我最初把蜡梅与读书联系到一起的时光，那蜡梅的苦寒，也许就是读书的苦寒，是那种“冻冰三尺非一日之寒”的苦寒。后来又想，不对，读书并不苦寒，只有读死书的人才苦寒。其实，读书是一种高雅的兴趣，如蜡梅的花香浓郁怡心，芳魂扑朔迷离。\r\n\r\n汪曾祺写过蜡梅，说他家的后园有四棵很大的蜡梅树，每年开出的花芯是紫褐色的。他还写到折蜡梅花的记忆：“蜡梅多枝杈，便于登踏，一日上树能千回，从来也没有掉下来过，姐姐在下面指点着‘这枝，这枝！——哎，对了，对了！’其实要的是几朵半开、多数是骨朵的，插在瓷瓶里能够养好几天——如果是全开的蜡梅花，几天就谢了。”\r\n\r\n爱读余秋雨的散文，那篇《蜡梅》留下了深刻印象：“病房里的病友，一早醒来，就说闻到了蜡梅的香气，而且简直是被香气熏醒的。还说，蜡梅开得执迷，枝干虬曲苍劲，黑黑地缠满了岁月的皱纹，光看这枝干，好像早就枯死，只在这里伸展着一个悲怆的历史造型……猛地一下涌出了那么多鲜活的生命。花瓣黄得不夹一丝混浊，轻得没有质地，只剩片片色影，娇怯而透明……天底下的至色至香，只能与清寒相伴随。这里的美学概念只剩下一个词：冷艳。”\r\n\r\n开放的蜡梅，裹着冰雪，照耀眼际，那蜡质圆润充满质感的花瓣，有一种禅意之美，在我的心尖，慢慢地湿润，升腾起朦胧的诗意与文情。',NULL,NULL),(7,'2020-09-16 15:32:23','201835070344','时间过得真快，一个转身，夏便渐渐地远去，秋就悄悄的来到了我们的身边。季节的轮转，让人不得不发出“人生一世，草木一秋”的感叹。江南的秋天，阵阵秋雨也紧随而来，绵绵秋雨中，人们终于可以慢慢摆脱一夏的燥热，心神甫定，可以闲适、淡定，多出几分安然。绵绵秋雨也给江南人带来了一种不一样的心境，让江南的大地换上了不一样的美景。\r\n\r\n江南的秋雨下起来就像是在弹奏着一首古筝曲，天地间跳动着的都是抒情的乐谱，它舒缓演奏着江南的满眼秋色，它能把人的灵魂融入到细雨中去，接受秋雨的洗涤和抚慰，温暖着那淡淡的思绪。\r\n\r\n此时初秋的雨，已没有了夏雨那么的仓促，它多了几分缠绵，迷迷茫茫的，如丝如线，如纱如雾。这如丝如线如纱如雾的秋雨，菲菲落地悄然无声，尽情地抒发着它的轻柔，就像那江南一带充斥着的吴侬软语，软软的，糯糯的，透着江南水乡特有的一种温润。雨是江南水乡的灵气，在江南，充满浪漫气息的雨会让人沉醉，特别是夜晚的雨声，清晨的花香，清绝的令人深深沉迷，秀雅的让人不舍得离去。“多少楼台烟雨中”，烟雨是江南一道独有的风景。\r\n\r\n在有雨的秋夜里，四处幽深而宁静，安静地坐在窗前，听风听雨，听思念落心台的声音，此时，心中会有着一种“雨色秋来寒，风严清江爽。”的感受，同时还会生有一种“梧桐更兼细雨，到黄昏、点点滴滴。”的缠绵，更有着一种“天街小雨润如酥”的温柔。细雨敲打在窗棂上，淅淅沥沥，噼噼啪啪，心中会伸延出一种说不清道不明的情愫，若再仔细去看那屋檐下的雨滴，就像是断了线的帘珠，一粒一粒滴滴答答的落在地面上，溅起的朵朵水花，四处跳跃而舞。一阵多情的风儿舞动着雨丝，摇曳了雨中的青竹，那发出的“沙沙沙”的声音，更能撩起人们对一些往事的回忆，叫人思绪飞舞。\r\n\r\n江南的秋雨总是下的这样的细腻而又温柔，像一阵阵孱弱的风，暖暖的却又泛着丝丝的凉意。当雨不紧不慢的从乌蒙蒙的天际间飘落，尘世间的一切都笼罩在了一片白茫茫的水气中，就像眼前拉开了一幕白色的纱布，隔远了三色相间的山峦，迷蒙着痴痴远望的眼眸。雨如烟似雾，轻轻而斜斜，柔柔且绵绵，滴在人的脸上、眉稍、发丝上，感觉有点冰冰凉，滴到了人的心上，流眸顾盼中，会让人生有一份难舍的情愁。\r\n\r\n细细的雨萦绕于树的枝头，缠绵于巷口，包裹着江南的河道埠头。每一株草木，每一片砖瓦，都显现出一种似珠若玉的温柔。悠长的小巷，青色的石板路，弯曲的小河道，都深深浸润在了湿润的空气中。若撑起一把雨伞，漫步在林荫小道，看着那剪不断的雨丝，会让人满目迷离，吟起“试问闲愁都几许？一川烟草，满城飞絮”的诗句，会有一股难言的情愁涌于胸口……',NULL,NULL),(8,'2020-09-16 15:33:38','201835070344','不知道我们这一生究竟要讲多少句话？如果有一种电脑可以统计，像日行万步的人所带的计步器那样，我相信其结果必定是天文数字，其长，可以绕地球几周，其密，可以下大雨几场。情形当然因人而异。\r\n\r\n有人说话如参禅，能少说就少说，最好是不说，尽在不言之中。有人说话如嘶蝉，并不一定要说什么，只是无意识的口腔运动而已。说话，有时只是掀唇摇舌，有时是为了表情达意，有时，却也是一种艺术。许多人说话只是避免冷场，并不要表达什么思想，因为他们的思想本就不多。至于说话而成艺术，一语而妙天下，那是可遇不可求，要记入《世说新语》或《约翰生传》才行。\r\n\r\n最常见的该是两个人的对话。其间的差别当然是大极了。对象若是法官、医师、警察、主考之类，对话不但紧张，有时恐怕还颇危险，乐趣当然是谈不上的。朋友之间无所用心的闲谈，如果两人的见识相当，而又彼此欣赏，那是最快意的事了。如果双方的见识悬殊，那就好像下棋让子，玩得总是不畅。要紧的是双方的境界能够交接，倒不一定两人都有口才，因为口才宜于应敌，却不宜用来待友。甚至也不必都能健谈：往往一个健谈，一个善听，反而是最理想的配合。可贵的在于共鸣，不，在于默契。真正的知己，就算是脉脉相对，无声也胜似有声：这情景当然也可以包括夫妻和情侣。\r\n\r\n这世界如果尽是健谈的人，就太可怕了。每一个健谈的人都需要一个善听的朋友，没有灵耳，巧舌拿来做什么呢？英国散文家海斯立德说：“交谈之道不但在会说，也在会听。”在公平的原则下，一个人要说得尽兴，必须有另一个人听得入神。如果说话是权利，听话就是义务，而义务应该轮流负担。同时，仔细听人说话，轮到自己说时，才能充分切题。我有一些朋友，迄今未养成善听人言的美德，所以跟人交谈，往往像在自言自语。凡是音乐家，一定先能听音辨声，先能收，才能发。仔细听人说话，是表示尊敬与关心。善言，能赢得听众。善听，才赢得朋友。\r\n\r\n如果是几个人聚谈，又不同了。有时座中一人侃侃健谈，众目睽睽恭听，那人不是上司、前辈，便是德高望重，自然拥有发言权，甚至插口之权，其他的人就只有斟酒点烟、随声附和的份了。有时见解出众、口舌便捷的人，也能独揽话题，语惊四座。有时座上有二人焉，往往是主人与主客，一来一往，你问我答，你攻我守，左右了全席谈话的大势，也能引人入胜。\r\n\r\n最自然也是最有趣的情况，乃是滚雪球式。谈话的主题随缘而转，愈滚愈大，众人兴之所至，七嘴八舌，或轮流坐庄，或旁白助阵，或争先发言，或反复辩难，或怪问乍起而举座愕然，或妙答迅接而哄堂大笑，一切都是天机巧合。这种滚雪球式，人人都说得尽兴，也都听得入神，没有冷场，也没有冷落了谁，却有一个条件，就是座上尽是老友，也有一个缺点，就是良宵苦短，壁钟无情，谈兴正浓而星斗已稀。日后我们怀念故人，那一景正是最难忘的高潮。\r\n\r\n众客之间若是不顶熟稔，雪球就滚不起来。缺乏重心的场面，大家只好就地取材，与邻座不咸不淡地攀谈起来，有时兴起，也会像旧小说那样“捉对儿厮杀”。这时，得凭你的运气了。万一你遇人不淑，邻座远交不便，近攻得手，就守住你一个人恳谈、密谈。更有趣的话题，更壮阔的议论，正在一米外热烈展开，也许就是今晚最生动的一刻；明知你真是冤枉，错过了许多赏心乐事，却不能不收回耳朵，面对你的不芳之邻，在表情上维持起码的礼貌。\r\n\r\n其实呢，你恨不得他忽然被鱼刺哽住。这种客人往往还有一种恶习，就是名副其实地交头接耳，似乎他要郑重交代的，句句都是肺腑之言，你吓得闭气都来不及了，哪里还听得进什么肺腑之言？\r\n\r\n聚谈杂议，幸好不是每次都这么危险。可是现代人的生活节奏毕竟愈来愈快，无所为的闲谈、雅谈、清谈、忘机之谈几乎是不可能了。\r\n\r\n“偶然值林叟，谈笑无还期。”在一切讲究效率的工业社会，这种闲逸之情简直是一大浪费。刘禹锡但求无丝竹之扰耳，其实丝竹比起现代的流行音乐来，总要清雅得多。现代人坐上计程车、火车、长途汽车，都难逃噪音之害，到朋友家去谈天吧，往往又有孩子在看电视。饭店和咖啡馆而能免于音乐的，也很少见了。现代生活的一大烦恼，便是经常横被打断，要跟二三知己促膝畅谈，实在太难。\r\n\r\n剩下的一种谈话，便是跟自己了。我不是指出声的自言自语，而是指自我的沉思默想。发现自己内心的真相，需要性格的力量。唯勇者始敢单独面对自己，唯智者才能与自己为伴。\r\n\r\n一般人的心灵承受不了多少静默，总需要有一点声音来解救。所以卡莱尔说：“语言属于时间，静默属于永恒。”',NULL,NULL),(9,'2020-09-16 15:34:34','201835070344','故乡是一个人心里永远抹不去的记忆。虽然现在大多数人忙于生计，常年奔波在外，似乎都已经忘记了故乡的模样，但在内心深处，还有一块地方，是留给故乡的，也不管故乡是不是早已变得面目全非。\r\n\r\n现在能读到的关于故乡的文字，多是抒发回不到从前的惆怅。这种惆怅多产生于故乡原先的风貌大变，或建筑、摆设荡然无存。因为那里藏有许多人童年的记忆，而今，曾经的矮墙断垣、柿子树和枣树、鱼塘和鸟窝、蟋蟀的歌唱和蚂蚱的舞蹈，恐早已不见踪影。我们大多数人的故乡，那些老旧的四合院、破败的土房子，不属名胜古迹，没有出过名人，也不是古建筑，这些曾经维系很多人故土情结的物事在强劲的发展大潮中湮灭。\r\n\r\n人们几乎回不到故乡，也回不到从前。走出故乡容易，回归故土却难。生活在异地他乡，多少人把他乡聊当故乡，故土难离、叶落归根的念想也变得遥远而淡漠。\r\n\r\n故乡，停留在前人的咏唱里，出现在今人的梦幻里。“少小离家老大回，乡音无改鬓毛衰”的境遇，大概常常出现；“洛阳城里春光好，洛阳才子他乡老”的场景，也会屡屡发生。苏轼所谓的“试问岭南应不好，却道，此心安处是吾乡”，我以为只是他故作旷达而已。\r\n\r\n但是总还有一些东西可以慰藉人们因回不到从前而顿生悲凉的心灵，那就是书和梦。现实中找不到归路，在书里，在梦里可以。与书为友，以梦为马。在书中读到故乡，在书中生发梦想，在书中找到归途。人生在世，熙来攘往，名利盈心，尘俗缠身，以至于身心俱疲，太想找一去处，似港湾，可以让远航归来的船帆靠岸；似故乡，可以包容奔波在外的游子停歇。这一去处就是书和梦，书中自有安心处，梦里都是自由身！\r\n\r\n有人荣华一世，有人平庸一生，有人大起大落，不管是哪一类人，都有一个相同之处，其心灵深处都会有一处极柔软的地方。\r\n\r\n很多时候，人们觉得故乡离自己很远，是因为我们把自己置于遥不可及的远处和虚无缥缈的高处。洗净铅华，繁华散尽，当我们把自己揉进泥土，就会发现故乡一如无垠的大地、忠厚的长者，不论你居庙堂之高，还是处江湖之远，只要你愿意回归，都会张开双臂接纳你。\r\n\r\n如果你说外面的世界还很精彩，你说你还不想叶落归根，那祝贺你，说明你还不够老。',NULL,NULL),(10,'2020-09-16 15:35:29','201835070344','独守流年又岁末\r\n作者: 徐学平2020年04月04日伤感散文\r\n一年如一梦，弹指一挥间。又值岁末，来不及驻足回望，不经意间又将跨进新年的门槛。\r\n\r\n匆匆过去的这一年，于我，平淡如一潭湖水，没有波澜，也没有涟漪。说实在的，我还是挺喜欢这种平淡而宁静的生活的：在家和公司两点一线间奔波，工作之余，一张书桌、一盏台灯、一本好书、一杯香茗，听听音乐，敲敲键盘，任思绪在静谧的夜色中徜徉，让灵魂在美妙的音乐中独舞。\r\n\r\n孤独是一种美，也是一种幸福，是在喧嚣之后的一种安静沉淀，是一种绝美的心境，你可天马行空地憧憬美好的未来，也可流连在旧时光中无尽回忆。窗外点点寒星陪伴，在人海沉浮之中，为自己留一段空白，留一段云淡风轻的孤独，可以聆听自己的心语，寻找自己最初的本真。孤独无色，却无时无刻地存在，又若隐若现地守候。\r\n\r\n寂寞也可以享受，其实懂得享受寂寞，也是一种快乐。在宁静中独处便是一种寂寞，如果你乐在其中，冲一杯浓浓的咖啡，细细地品味心境，缓缓地敲打心底的那份淡然，在寂静中缓缓地释放自己，在精神世界里肆意驰骋，慢慢欣赏那诗境中的月圆月缺，在曲折的故事里经历悲欢离合，体验人生，享受美好，便也是享受寂寞了。\r\n\r\n行一程山水，盈一弯心醉，让一路风景且歌且行。在飞逝如水的流年里，紧跟时光的脚步，望窗外云卷云舒，看庭前花开花落，把随风逝去的，或留下痕迹的，都化作雨露轻洒在岁月的长河里，把每次优雅的转身都视若淡然的一笑，如风过耳而不染纤尘。站在新年的门槛，我打开心扉，只等阳光普照。\r\n\r\n日累成月，月累经年，时光总会在岁月里老去，回不去的记忆就放在心底。夜色深沉，灯光暖暖，文字在键盘上跳跃，女儿在安静地读书，妻子在灶台上张罗着夜宵，寒夜可待，唯有爱与温暖不可辜负。有希望在生长，有工作可养家，有爱你的人，尽心尽职，心存美好，生活如是，人生如是，幸福也该如是吧？！\r\n\r\n独守清欢流年，让温暖在阡陌里化作一朵莲，在素色年华里晕染，用一盏茶怡情，用一段文字暖心，用一颗淡然静雅的心独守一份宁静与清欢，与新年相依偎，心似莲花香。',NULL,NULL),(11,'2020-09-16 15:36:08','201835070344','恋爱的时候，因为是异地恋，所以我们经常面对的是相聚与别离。\r\n\r\n见面时，他欣喜我淡定；离别时，他伤心我无感。他气愤地责问我：“你这个人怎么能这么没心没肺？！”\r\n\r\n他不知道，现在的没心没肺是因为过去的伤心伤肺。\r\n\r\n小时候，父母分居两地，我跟随母亲，但我依恋父亲。每次父亲要离开我们时，跚跚学步的我便有所觉察，偷偷地把父亲的皮鞋藏在床底下，以为没有鞋子穿父亲就走不成了。可是，父亲总是能找到他的鞋，然后悄悄地离开，不让我看见。但是有一次，我亲眼目睹父亲背着包走了，便大哭大闹要跟他去，姑姑紧紧抱住我，我恨她竟不放手，就残忍地抓破了她的脖子，还狠狠地扯下她的耳环，美丽的姑姑，从此左耳不能再戴耳环，我把她的耳垂给拉豁了。\r\n\r\n那时，我也就周岁左右吧，却为离别嚎啕大哭，使得父亲含泪不忍离去，五里一徘徊。父亲后来经常回忆那场离别，说场面就像电影《英雄儿女》王芳与父亲的生离死别时那样悲壮。\r\n\r\n后来，渐渐长大、渐渐习惯于离别，学会把自己脆弱的心裹在层层叠叠的硬壳中，不再伤离别。\r\n\r\n同学一场，马上就要各奔东西，她们哭成一团，我在一边怎么酝酿也挤不出一滴眼泪；送男友去远方，他恋恋不舍我平静如水。曾以为，历经别离伤痛的我，从今往后，不会再为世间任何一场离别掉一滴泪。\r\n\r\n可是，我误读了自己。大肚子七个月的时候，他又要离开我去远方工作，当汽笛鸣响、火车缓缓启动，二十多年来不曾流过的离别泪水却悄悄地爬满了我的脸。\r\n\r\n从此每每与他别离，泪水就没完没了，一发而不可收，弄得他又恼火又难过，吼道：“我宁愿你如从前一样没心没肺！”\r\n\r\n从前，有谁能回到从前？！\r\n\r\n几年前，从小没离开过我半步的孩子，离开我去她爸所在的城市读书，那次的分离简直要了我的命，我得了严重的“相思病”。娃儿她能适应新环境么？虽说学校离家不远，可是她自己上学过马路安全么？老公你别不耐烦就吼她，这样她会变得胆小而不自信的。就这样牵肠挂肚、提心吊胆，饭吃不下、觉睡不好，各种煎熬，人瘦得像纸片。虽然一周一次的奔波与相聚，也不能解除心头忧患。半年后，毅然辞职，几乎是连滚带爬地向他们扑去。\r\n\r\n父亲的最后一夜，是我守在他身边。三更半夜、夜阑人静，父亲的灵魂正一点点地离我而去。他已无力说话，但思绪清晰，这是多么令人绝望的事，我宁愿他糊涂离开，少受人间离别之苦。他拍拍床沿，示意我睡觉去，不用那样盯着他，他认为他最疼爱的女儿一向不能熬夜、不能吃苦，可是他是错的，我远比他想像的要坚强许多。我怎么能睡得着呢？万一我睡着了我爸他就走了怎么办？那我从此再无爸爸可喊了，于是，我握住他的手，一遍遍地轻声呼唤：“爸爸、爸爸、爸爸……”爸他点点头。他为什么要这么清醒呢？……\r\n\r\n那一夜的生离死别，永不再见，让我的心从此缺了一角，至今伤口未愈，此生也无法愈合。\r\n\r\n有人说，所有的离别只是为了更好的重逢，如果可以选择的话，我宁愿天天平淡的相守而不要被离别所伤。可是人的命运岂是能由自己掌控得了？你最多只能主宰自己所能主宰的部分。“人有悲欢离合、月有阴晴圆缺，此事古难全”。\r\n\r\n人生终究难说再见。',NULL,NULL),(28,'2020-10-27 21:37:36','admin','<script>alert(\"看到这条消息表示注入成功!\")</script>',NULL,NULL),(29,'2020-10-27 21:55:21','admin','<iframe src=\"http://alsritter.icu/2020/10/27/CSRF/\" frameborder=\"0\"></iframe>',NULL,NULL);
/*!40000 ALTER TABLE `Massage_TB` ENABLE KEYS */;
UNLOCK TABLES;

--
-- Table structure for table `ORDERS_TB`
--

DROP TABLE IF EXISTS `ORDERS_TB`;
/*!40101 SET @saved_cs_client     = @@character_set_client */;
/*!40101 SET character_set_client = utf8 */;
CREATE TABLE `ORDERS_TB` (
  `fix_table_id` int(11) NOT NULL AUTO_INCREMENT COMMENT '维修表单id 自增的表单id',
  `student_id` varchar(32) COLLATE utf8mb4_unicode_ci DEFAULT NULL COMMENT '申报人id 学生的id',
  `contacts` varchar(32) COLLATE utf8mb4_unicode_ci DEFAULT NULL COMMENT '联系人名字',
  `create_time` datetime NOT NULL COMMENT '创建时间',
  `end_time` datetime DEFAULT NULL COMMENT '完成时间',
  `address` varchar(3072) COLLATE utf8mb4_unicode_ci NOT NULL COMMENT '所在宿舍',
  `phone` varchar(32) COLLATE utf8mb4_unicode_ci NOT NULL COMMENT '联系电话 优先联系这个手机号，找不到再联系学生id上的手机号',
  `fault_class` varchar(32) COLLATE utf8mb4_unicode_ci NOT NULL COMMENT '故障类别',
  `fault_detail` varchar(3072) COLLATE utf8mb4_unicode_ci DEFAULT NULL COMMENT '故障描述',
  `photo_url` varchar(3072) COLLATE utf8mb4_unicode_ci DEFAULT NULL COMMENT '图片的链接，当有多个图片时使用空格分隔',
  `work_id` varchar(32) COLLATE utf8mb4_unicode_ci DEFAULT NULL COMMENT '维修工id 这个可以先空着，管理员来指定这个师傅的id',
  `admin_work_id` varchar(32) COLLATE utf8mb4_unicode_ci DEFAULT NULL COMMENT '管理员id 哪个管理员处理的就填上哪个管理员的id',
  `grade` int(11) NOT NULL DEFAULT '10' COMMENT '评分 这个评分只是当前订单的评分，师傅的评分计算方式是师傅当前评分加上这个评分除以总订单数，得到的平均值就是师傅评分,默认是10分',
  `massage` varchar(3072) COLLATE utf8mb4_unicode_ci DEFAULT NULL COMMENT '学生留言',
  `result_details` varchar(3072) COLLATE utf8mb4_unicode_ci DEFAULT NULL COMMENT '处理结果',
  `state` int(11) NOT NULL DEFAULT '0' COMMENT '当前订单状态 展示到界面就是通过订单的状态来区分是否为新订单还是待完成：未处理、待完成、完成，使用数字来代表状态比比较字符串更高效，所以对应数字  0、1、2',
  `eid` int(11) DEFAULT NULL COMMENT '设备 id，如果不是 null，表示这个订单是设备的',
  PRIMARY KEY (`fix_table_id`),
  KEY `student_id` (`student_id`),
  KEY `fault_class` (`fault_class`),
  KEY `work_id` (`work_id`),
  KEY `admin_work_id` (`admin_work_id`),
  CONSTRAINT `ORDERS_TB_ibfk_1` FOREIGN KEY (`student_id`) REFERENCES `STUDENT_TB` (`student_id`),
  CONSTRAINT `ORDERS_TB_ibfk_2` FOREIGN KEY (`fault_class`) REFERENCES `FAULT_TB` (`fault_class`),
  CONSTRAINT `ORDERS_TB_ibfk_3` FOREIGN KEY (`work_id`) REFERENCES `WORKER_TB` (`WORK_ID`),
  CONSTRAINT `ORDERS_TB_ibfk_4` FOREIGN KEY (`admin_work_id`) REFERENCES `ADMIN_TB` (`work_id`)
) ENGINE=InnoDB AUTO_INCREMENT=151 DEFAULT CHARSET=utf8mb4 COLLATE=utf8mb4_unicode_ci COMMENT='订单表 里面显示的学生提交的订单，然后加上学生评分，学生评价，订单状态等信息';
/*!40101 SET character_set_client = @saved_cs_client */;

--
-- Dumping data for table `ORDERS_TB`
--

LOCK TABLES `ORDERS_TB` WRITE;
/*!40000 ALTER TABLE `ORDERS_TB` DISABLE KEYS */;
INSERT INTO `ORDERS_TB` (`fix_table_id`, `student_id`, `contacts`, `create_time`, `end_time`, `address`, `phone`, `fault_class`, `fault_detail`, `photo_url`, `work_id`, `admin_work_id`, `grade`, `massage`, `result_details`, `state`, `eid`) VALUES (9,'201825070131','小美','2020-08-03 19:46:38','2020-09-01 19:46:38','15 栋 612','13128877777','中央空调','风扇坏了，转不动了。',NULL,'2018250705644','201835070111',5,'师傅来的有点慢，但是解决问题很有效率','很好，没啥大问题',2,NULL),(10,'201825070132','李四','2020-08-01 19:46:38','2020-09-02 19:46:38','15 栋 314','13128888888','一卡通报修','厕所的门把手坏了，关不了门。',NULL,'2018250705646','201835070322',5,'师傅来的很快，风扇很快就修好了，五星好评。','风扇有条线烧了，现在已经修复。',2,NULL),(11,'201825070133','王五','2020-08-11 19:46:38','2020-09-15 19:46:38','13 栋 614','13128866666','停水','厕所天花板一直滴水',NULL,'201895070344','201835070344',5,'师傅来的有点早呀，我们都还在睡觉，不过修的很快，换的门把手也没什么问题。','换了个把手，已完成。',2,NULL),(12,'201825070134','二狗','2020-08-15 19:46:38','2020-09-06 19:46:43','12 栋 611','13100038888','网络问题','空调温度调低的很低了，还是很热。',NULL,'201895070999','201835070999',5,'师傅和我们说了不是天花板坏了，那是因为空调的冷凝管在那里过，那是空调的冷凝水，叫我们空调温度不要开太低了，','不是天花板破损等原因导致的，是物理现象，已完成工作。',2,NULL),(31,'201825070132','爱酱','2020-09-17 02:46:58','2020-09-19 13:47:33','11 栋 611','18562151555','空调','宿舍的密码锁坏了',NULL,'201825070666','201835070111',10,'师傅太牛逼了','当前订单未评价',2,NULL),(43,'201825070131','九条','2020-07-22 23:50:37','2020-09-20 00:08:08','20 栋 611','13128866666','一卡通报修','宿舍洗衣机坏了。',NULL,'201895070344','201835070322',10,'三两下就解决了问题，太棒了','学生态度积极',2,NULL),(44,'201825070134','李四','2020-08-17 19:46:38','2020-09-20 00:09:23','21 栋 611','13128855555','中央空调','空调坏了',NULL,'201895070999','201835070344',10,'我也会修一点，所以很快就解决了','学生积极配合',2,NULL),(50,'201825070129','泰山','2020-07-17 05:13:40','2020-09-20 00:09:44','23 栋 602','13128863333','停电','阳台柜子掉下了一半，应该是螺丝掉了',NULL,'201825070103','201835072122',8,'师傅技术很过硬，很有礼貌','学生很懂，很配合',2,NULL),(54,'201825070129','玛莉亚','2020-09-22 06:21:42','2020-10-16 17:44:45','18 栋 401','52315414525','空调','空凋漏水','/extStatic/1602569194260.jpg','201825070103','201835070322',7,'哈哈哈还是物理没学好。维修师傅还给我们科普了一下初中物理。麻烦师傅跑一趟了，五星好评。','不是天花板破损等原因导致的，是物理现象，已完成工作。',2,NULL),(55,'201825070130','悦安','2020-09-15 00:19:52','2020-09-20 00:09:56','19栋 211','13128863395','其它','手机没电了',NULL,'2018250705641','201835070344',8,'师傅还帮我们倒了垃圾','学生积极配合',2,NULL),(56,'201825070131','小刚','2020-08-03 23:50:35','2021-09-08 19:46:43','15 栋 611','25421665468','厕所堵住了','厕所没水了',NULL,'2018250705644','201835070999',7,'师傅来清洗了一下空调，原来是内部垃圾太多。速度挺快的。','空调已经清理完成.',2,NULL),(57,'201825070130','拉瑞安','2020-08-01 19:46:38','2020-09-12 19:46:43','17 栋 651','54621851651','中央空调','空调不够力',NULL,'201895070999','201835072122',2,'师傅来的时候没和我们提前说，他来的时候我们都去上课了。\r\n只能再约一次时间了，还是希望师傅可以快一点，毕竟这个挺着急的。','去到宿舍没人，工作没完成，还需要再去一次。',2,NULL),(58,'20182507014011','泰勒','2020-08-01 19:46:38','2020-09-19 19:46:43','11 栋 291','45154178154','一卡通报修','师傅上次没解决问题',NULL,'201825070666','201835070111',5,'维修人员和我们提前约了时间，只不过第一趟没带到需要用的工具，\r\n可能是我们没描述好要维修的问题，需要师傅再跑一次了。','洗衣机的离合器坏了，没带到工具，需要再次上门，工程没完成，待处理。',2,NULL),(59,'201825070133','弗蒂冈','2020-08-01 19:46:38','2020-09-28 19:46:43','13 栋 311','57454891652','洗衣机','洗衣机卡住了',NULL,'20182507089786','201835070322',4,'师傅来的不是时候，宿舍都没人','来的太晚了',2,NULL),(60,'201825070140','泰恩','2020-08-01 19:46:38','2020-09-01 19:46:43','15 栋 221','84518512315','网络问题','上不了网',NULL,'201895070111','201835070344',5,'师傅态度太差了','没啥大问题',2,NULL),(61,'201825070129','银狐','2020-08-01 19:46:38','2020-07-06 19:46:43','18 栋 443','85612895625','中央空调','空调太冷了',NULL,'20182507089786','201835070999',5,'师傅感觉不太熟练，修了好久','第一次修理',2,NULL),(62,'201825070130','小刚','2020-08-01 19:46:38','2020-09-18 19:46:43','16 栋 121','65260451521','一卡通报修','桌子塌了',NULL,'2018250705641','201835072122',5,'修好了，很棒，很舒服','简单的小问题',2,NULL),(63,'201825070131','李白','2020-09-15 22:32:00','2020-09-20 00:04:37','21 栋 512','45121582156','其它','床的木板了',NULL,'2018250705644','201835070344',10,'师傅专业','学生配合好',2,NULL),(64,'student','弗蒂冈','2020-09-15 00:18:36','2020-09-16 19:53:33','20 栋 621','89461645643','网络问题','网络只能上传不能下载',NULL,'201895070999','201835070999',2,'师傅明明三分钟就能解决的问题，为什么要两个小时？','还是挺难的',2,NULL),(65,'student','于谦','2017-09-15 00:18:36','2020-09-17 02:08:33','19 栋 211','85154152165','其它','宿舍风扇不行了',NULL,'201825070666','201835070999',2,'刚才忘记评分了，这里给您补一个','谢谢学生！\r\n',2,NULL),(66,'student','孙绿雷','2020-09-16 21:39:31','2020-09-20 00:10:07','18 栋 321','85545648165','厕所堵住了','冲不了水',NULL,'20182507089786','201835070111',10,'师傅很听话，叫干嘛干嘛','学生积极配合',2,NULL),(67,'student','红小明','2020-09-16 21:41:40','2020-09-19 15:40:45','18 栋 512','78561541984','其它','宿舍椅子烂了',NULL,'201895070111','201835070322',10,'师傅说话很大声！','我觉得我很小声啊',2,NULL),(68,'201825070132','冯谭雅','2020-09-17 22:33:22','2020-09-17 22:34:25','18 栋 111','87456156131','洗衣机','洗衣机转不动了',NULL,'201895070111','201835070344',10,'师傅很厉害，把其他的也修好了','举手之劳',2,NULL),(70,'201825070133','张三','2020-09-19 13:48:17','2020-09-20 00:10:17','18 栋 100','98415615165','厕所堵住了','马桶没水了',NULL,'201895070322','201835070999',10,'师傅来清洗了一下空调，原来是内部垃圾太多。速度挺快的。','学生积极配合',2,NULL),(71,'201825070129','达拉崩吧','2020-09-19 13:54:51','2020-09-20 00:09:34','13 栋 401','84545163526','一卡通报修','校园卡坏了',NULL,'worker','201835072122',3,'师傅来的时候没和我们提前说，他来的时候我们都去上课了。\r\n只能再约一次时间了，还是希望师傅可以快一点，毕竟这个挺着急的。','很好，没啥大问题',2,NULL),(72,'201825070130','洛天依','2020-09-19 23:57:27','2020-09-20 00:10:26','20 栋 401','13128863333','一卡通报修','校园卡刷不了了',NULL,'worker','201835070344',9,'维修人员和我们提前约了时间，只不过第一趟没带到需要用的工具，\r\n可能是我们没描述好要维修的问题，需要师傅再跑一次了。','风扇有条线烧了，现在已经修复。',2,NULL),(73,'201825070131','王刚','2020-09-19 23:58:02','2020-09-20 00:10:34','2栋 401','13128863333','中央空调','空调不制冷，没感觉',NULL,'worker','201835070111',4,'师傅来的不是时候，宿舍都没人','换了个把手，已完成。',2,NULL),(74,'201825070132','赵五','2020-09-19 23:58:34','2020-09-20 00:10:44','3栋 401','13128863333','停水','水龙头不出水',NULL,'worker','201835070322',3,'师傅态度太差了','不是天花板破损等原因导致的，是物理现象，已完成工作。',2,NULL),(75,'201825070133','钱七','2020-09-19 23:58:58','2020-09-20 00:10:57','3栋 401','13128863333','停电','没电来',NULL,'201825070666','201835070344',10,'师傅感觉不太熟练，修了好久','不是天花板破损等原因导致的，是物理现象，已完成工作。',2,NULL),(76,'201825070134','孙雷','2020-09-19 23:59:43','2020-09-20 00:11:08','4栋 401','13128863333','其它','地板翘起来',NULL,'201895072122','201835070999',10,'修好了，很棒，很舒服','虽然睡过头了，但是问题不大',2,NULL),(77,'201825070131','周驰','2020-09-20 00:00:10','2020-09-20 00:11:21','6栋 401','13128863333','厕所堵住了','厕所堵了',NULL,'201895070111','201835072122',10,'师傅专业','空调已经清理完成.',2,NULL),(78,'201825070140','吴昊','2020-09-20 00:00:31','2020-09-20 00:11:39','7栋 401','13128863333','洗衣机','洗衣机漏水',NULL,'201825070103','201835070344',6,'师傅明明三分钟就能解决的问题，为什么要两个小时？','去到宿舍没人，工作没完成，还需要再去一次。',2,NULL),(79,'20182507014011','郑鹏','2020-09-20 00:01:06','2020-09-20 00:11:52','8栋 401','13128863333','空调','空调滴水',NULL,'201895072122','201835070344',7,'刚才忘记评分了，这里给您补一个','洗衣机的离合器坏了，没带到工具，需要再次上门，工程没完成，待处理。',2,NULL),(80,'201825070129','王鹏','2020-09-20 00:01:35','2020-09-20 00:12:04','10栋 401','13128863333','网络问题','网络信号差',NULL,'2018250705644','201835070344',10,'师傅很听话，叫干嘛干嘛','学生很有礼貌',2,NULL),(81,'201825070129','谦亨奇','2020-09-15 00:01:35','2020-09-22 20:00:10','10栋 402','13128863333','网络问题','网络信号差',NULL,'201825070103','201835070344',4,'师傅态度不行','学生态度很好',2,NULL),(84,'201825070131','琴蕊薇','2020-08-03 23:50:35','2020-10-14 19:34:28','15 栋 611','25421665468','厕所堵住了','厕所没水了',NULL,'201825070103','201835070344',10,NULL,'学生态度很好',2,NULL),(85,'201825070130','韵融园','2020-08-01 19:46:38','2020-10-15 17:09:03','17 栋 651','54621851651','中央空调','空调不够力',NULL,'worker','201835070344',10,NULL,'学生态度很好',2,NULL),(88,'201825070132','洁琳素','2020-08-01 19:46:38','2020-10-17 11:01:31','15 栋 314','13128888888','一卡通报修','厕所的门把手坏了，关不了门。',NULL,'worker','201835070322',10,NULL,'已完成',2,NULL),(94,'student','测试学生','2020-08-17 05:13:40','2020-09-22 14:37:26','23 栋 602','13128863333','停电','阳台柜子掉下了一半，应该是螺丝掉了',NULL,'201825070103','201835072122',4,'师傅来的时候我们不在，太麻烦了','学生很有礼貌',2,NULL),(141,'student','测试学生','2020-09-24 07:49:32','2020-10-17 11:28:21','18 栋 401','13128863333','其它','',NULL,'worker','admin',8,'刻意','可以\n',2,NULL),(147,'student','alsritter','2020-10-15 19:55:14',NULL,'学校天桥底','13128888888','设备报修','屏幕有点问题','/extStatic/1602762911705.jpg','201825070666','admin',10,NULL,NULL,1,3),(148,'student','冯建明','2020-10-17 10:58:30',NULL,'教职宿舍101','17820558202','设备报修','水没了','/extStatic/1602903507503.jpg','201895070999','admin',10,NULL,NULL,1,9),(150,'student','temp','2020-10-17 11:29:45',NULL,'15栋611','13128863336','其它','测试',NULL,NULL,NULL,10,NULL,NULL,0,NULL);
/*!40000 ALTER TABLE `ORDERS_TB` ENABLE KEYS */;
UNLOCK TABLES;

--
-- Table structure for table `STUDENT_TB`
--

DROP TABLE IF EXISTS `STUDENT_TB`;
/*!40101 SET @saved_cs_client     = @@character_set_client */;
/*!40101 SET character_set_client = utf8 */;
CREATE TABLE `STUDENT_TB` (
  `student_id` varchar(32) COLLATE utf8mb4_unicode_ci NOT NULL COMMENT '学号 学号',
  `name` varchar(128) COLLATE utf8mb4_unicode_ci NOT NULL COMMENT '姓名',
  `gender` varchar(32) COLLATE utf8mb4_unicode_ci DEFAULT NULL COMMENT '性别',
  `password` varchar(32) COLLATE utf8mb4_unicode_ci NOT NULL COMMENT '密码',
  `phone` varchar(32) COLLATE utf8mb4_unicode_ci NOT NULL COMMENT '手机号',
  PRIMARY KEY (`student_id`)
) ENGINE=InnoDB DEFAULT CHARSET=utf8mb4 COLLATE=utf8mb4_unicode_ci COMMENT='学生信息表 学生的个人信息、手机号、个人介绍';
/*!40101 SET character_set_client = @saved_cs_client */;

--
-- Dumping data for table `STUDENT_TB`
--

LOCK TABLES `STUDENT_TB` WRITE;
/*!40000 ALTER TABLE `STUDENT_TB` DISABLE KEYS */;
INSERT INTO `STUDENT_TB` (`student_id`, `name`, `gender`, `password`, `phone`) VALUES ('201825070129','九条可怜','男','1234567890','13128866666'),('201825070130','娜莹娟','男','1234567890','13128800000'),('201825070131','杜阮蓝','女','adsasd567890','13128822222'),('201825070132','云琪勤','男','sada7890','13128855555'),('201825070133','维启克伦','女','1234sasda','13128899999'),('201825070134','斌梁栋','男','sasdasd0','13128877777'),('201825070135','媛艳瑞','女','afasfa890','13128888888'),('201825070140','韵融园','男','1234567890','13128866666'),('20182507014011','韦昌马','男','1234567890','13128866699'),('student','测试学生','男','student','13222222222');
/*!40000 ALTER TABLE `STUDENT_TB` ENABLE KEYS */;
UNLOCK TABLES;

--
-- Table structure for table `TOOL_TB`
--

DROP TABLE IF EXISTS `TOOL_TB`;
/*!40101 SET @saved_cs_client     = @@character_set_client */;
/*!40101 SET character_set_client = utf8 */;
CREATE TABLE `TOOL_TB` (
  `tool_id` int(11) NOT NULL AUTO_INCREMENT COMMENT '工具id',
  `tool_name` varchar(32) COLLATE utf8mb4_unicode_ci NOT NULL COMMENT '工具名称',
  `tool_count` int(11) NOT NULL DEFAULT '0' COMMENT '工具数量',
  `create_time` datetime DEFAULT '2020-08-01 00:00:00',
  `update_time` datetime DEFAULT '2020-08-01 00:00:00' COMMENT '最后修改时间',
  `update_number` int(11) DEFAULT '0' COMMENT '修改次数',
  `price` decimal(10,2) DEFAULT '1.00' COMMENT '物品单价',
  PRIMARY KEY (`tool_id`)
) ENGINE=InnoDB AUTO_INCREMENT=42 DEFAULT CHARSET=utf8mb4 COLLATE=utf8mb4_unicode_ci COMMENT=' ';
/*!40101 SET character_set_client = @saved_cs_client */;

--
-- Dumping data for table `TOOL_TB`
--

LOCK TABLES `TOOL_TB` WRITE;
/*!40000 ALTER TABLE `TOOL_TB` DISABLE KEYS */;
INSERT INTO `TOOL_TB` (`tool_id`, `tool_name`, `tool_count`, `create_time`, `update_time`, `update_number`, `price`) VALUES (19,' 钉子',99,'2020-08-01 00:00:00','2020-10-24 20:27:12',1,1.00),(21,'锤子',21,'2020-08-01 00:00:00','2020-08-01 00:00:00',0,1.00),(22,'剪刀',3,'2020-08-01 00:00:00','2020-08-01 00:00:00',0,1.00),(23,'胶布',22,'2020-08-01 00:00:00','2020-08-01 00:00:00',0,1.00),(24,'铁链',99,'2020-08-01 00:00:00','2020-08-01 00:00:00',0,1.00),(26,'光纤',11,'2020-08-01 00:00:00','2020-10-17 09:27:41',1,1.00),(27,'水管',32,'2020-08-01 00:00:00','2020-08-01 00:00:00',0,1.00),(28,'5号钉子',99,'2020-08-01 00:00:00','2020-08-01 00:00:00',0,1.00),(29,'6号钉子',99,'2020-08-01 00:00:00','2020-08-01 00:00:00',0,1.00),(30,'铆钉',3,'2020-08-01 00:00:00','2020-08-01 00:00:00',0,1.00),(31,'锯子',1,'2020-08-01 00:00:00','2020-08-01 00:00:00',0,1.00),(32,'手锯',32,'2020-08-01 00:00:00','2020-08-01 00:00:00',0,1.00),(33,'电锯',3,'2020-08-01 00:00:00','2020-08-01 00:00:00',0,1.00),(34,'绷带',182,'2020-08-01 00:00:00','2020-08-01 00:00:00',0,1.00),(35,'电线',32,'2020-08-01 00:00:00','2020-08-01 00:00:00',0,1.00),(36,'4号铜线',123,'2020-08-01 00:00:00','2020-08-01 00:00:00',0,1.00),(37,'双绞线',47,'2020-08-01 00:00:00','2020-08-01 00:00:00',0,1.00),(38,'电工胶',31,'2020-08-01 00:00:00','2020-08-01 00:00:00',0,1.00),(40,'口罩',20,'2020-08-01 00:00:00','2020-08-01 00:00:00',0,1.00);
/*!40000 ALTER TABLE `TOOL_TB` ENABLE KEYS */;
UNLOCK TABLES;

--
-- Table structure for table `WORKER_TB`
--

DROP TABLE IF EXISTS `WORKER_TB`;
/*!40101 SET @saved_cs_client     = @@character_set_client */;
/*!40101 SET character_set_client = utf8 */;
CREATE TABLE `WORKER_TB` (
  `WORK_ID` varchar(32) COLLATE utf8mb4_unicode_ci NOT NULL COMMENT '工号 工号',
  `NAME` varchar(128) COLLATE utf8mb4_unicode_ci NOT NULL COMMENT '姓名',
  `GENDER` varchar(32) COLLATE utf8mb4_unicode_ci NOT NULL DEFAULT '男' COMMENT '性别',
  `PASSWORD` varchar(32) COLLATE utf8mb4_unicode_ci NOT NULL COMMENT '密码',
  `JOIN_DATE` datetime NOT NULL DEFAULT '2020-08-01 00:00:00' COMMENT '入职时间',
  `PHONE` varchar(32) COLLATE utf8mb4_unicode_ci NOT NULL COMMENT '手机号',
  `DETAILS` varchar(3072) COLLATE utf8mb4_unicode_ci DEFAULT NULL COMMENT '详细说明',
  `ORDERS_NUMBER` int(11) NOT NULL DEFAULT '0' COMMENT '接单数目',
  `AVG_GRADE` decimal(4,2) NOT NULL DEFAULT '10.00' COMMENT '评分 用户评分，方便做满意度，满分10分',
  `state` int(11) NOT NULL DEFAULT '0' COMMENT '工人当前状态 0表示空闲、1表示正在工作',
  `url` varchar(100) COLLATE utf8mb4_unicode_ci DEFAULT NULL COMMENT '头像图片链接',
  `address` varchar(200) COLLATE utf8mb4_unicode_ci DEFAULT NULL COMMENT '家庭住址',
  `department` varchar(100) COLLATE utf8mb4_unicode_ci DEFAULT NULL COMMENT '所属部门',
  `email` varchar(50) COLLATE utf8mb4_unicode_ci DEFAULT NULL COMMENT '邮箱',
  `place` varchar(200) COLLATE utf8mb4_unicode_ci DEFAULT NULL COMMENT '籍贯',
  `idnumber` varchar(30) COLLATE utf8mb4_unicode_ci DEFAULT NULL COMMENT '身份证',
  `ground` varchar(30) COLLATE utf8mb4_unicode_ci DEFAULT NULL COMMENT '职位',
  PRIMARY KEY (`WORK_ID`)
) ENGINE=InnoDB DEFAULT CHARSET=utf8mb4 COLLATE=utf8mb4_unicode_ci COMMENT='维修工人表 维修工的个人信息、接单的数目、个人评分等';
/*!40101 SET character_set_client = @saved_cs_client */;

--
-- Dumping data for table `WORKER_TB`
--

LOCK TABLES `WORKER_TB` WRITE;
/*!40000 ALTER TABLE `WORKER_TB` DISABLE KEYS */;
INSERT INTO `WORKER_TB` (`WORK_ID`, `NAME`, `GENDER`, `PASSWORD`, `JOIN_DATE`, `PHONE`, `DETAILS`, `ORDERS_NUMBER`, `AVG_GRADE`, `state`, `url`, `address`, `department`, `email`, `place`, `idnumber`, `ground`) VALUES ('201825070103','张三','男','1234567','2020-09-14 22:03:02','18126170888','昨日花开树头红，今日花落树头空。\r\n花开花落寻常事，未必皆因一夜风。\r\n人生行乐须少年，老去看花亦可怜。\r\n典衣沽酒花前饮，醉扫落花铺地眠。\r\n风吹花落依芳草，翠点胭脂颜色好。\r\n韶光有限蝶空忙，岁月无情人自老。\r\n眼看春尽为花愁，可惜朱颜变白头。\r\n莫遣花飞江上去，残红易逐水东流。',6,6.00,0,NULL,NULL,NULL,NULL,NULL,NULL,NULL),('2018250701222','纲手','男','12122121212','2020-09-20 14:31:53','13128863333','俺是火影村的',0,10.00,1,NULL,NULL,NULL,NULL,NULL,NULL,NULL),('2018250705641','谦亨奇','女','1234355','2020-09-14 22:14:02','13128863335','★人生在勤，不索何获。－－张衡 \r\n　　★业精于勤而荒于嬉，行成于思而毁于随。 －－韩愈 \r\n　　★天才就是无止境刻苦勤奋的能力。 －－卡莱尔 \r\n　　★聪明出于勤奋，天才在于积累。 －－华罗庚 \r\n　　★好学而不勤问非真好学者。 \r\n　　★书山有路勤为径，学海无涯苦作舟。 \r\n　　★勤劳一日，可得一夜安眠；勤劳一生，可得幸福长眠。 －－达•芬奇（意大利） \r\n　　★形成天才的决定因素应该是勤奋。 －郭沫若 \r\n　　★人的大脑和肢体一样，多用则灵，不用则废。 －茅以升 \r\n　　★你想成为幸福的人吗？但愿你首先学会吃得起苦。 －－屠格涅夫 \r\n　　★灵感不过是“顽强的劳动而获得的奖赏”。 －－列宾 \r\n　　★贵有恒何必三更眠五更起，最无益只怕一日曝十日寒。 \r\n　　★成功＝艰苦劳动＋正确方法＋少说空话。 －－爱因斯坦 \r\n　　★不经历风雨，怎能见彩虹。 －《真心英雄》 ',4,8.25,0,NULL,NULL,NULL,NULL,NULL,NULL,NULL),('2018250705644','钊钧铎','女','12344','2020-09-14 19:47:08','13128863333','★没有任何动物比蚂蚁更勤奋，然而它却最沉默寡言。 —— 富兰克林 \r\n　　★勤奋的人是时间的主人，懒惰的人是时间的奴隶。 —— 朝鲜 \r\n　　★勤奋和智慧是双胞胎，懒惰和愚蠢是亲兄弟。 —— 民谚 \r\n　　★天才绝不应鄙视勤奋。 —— 小普林尼 \r\n　　★勤奋者废寝忘食，懒惰人总没有时间。 —— 日本 \r\n　　★智慧源于勤奋，伟大出自平凡。 —— 民谚 \r\n　　★我在科学方面所作出的任何成绩，都只是由于长期思索、忍耐和勤奋而获得的。 —— 达尔文\r\n　　★合抱之木，生于毫末；九层之台，起于垒土；千里之行，始于足下。 --------------老聃 引自《老子•道德经》',5,7.40,1,NULL,NULL,NULL,NULL,NULL,NULL,NULL),('2018250705646','冯谭雅','女','1234','2020-09-14 10:43:32','13128863336','★在每一条路上都有成百上千的人在勤奋，所以知名之士为数不少。大海里已经挤满了鲸鱼。 ——法莱塞\r\n★如果说我有什么功绩的话，那不是我有才能的结果，而是勤奋有毅力的结果。——达尔文\r\n★成大事者，争百年，不争一息。 ——冯梦龙\r\n★青春的光辉，理想的钥匙，生命的意义，乃至人类的生存、发展……全包含在这两个字之中……奋斗！只有奋斗，才能治愈过去的创伤；只有奋斗，才是我们民族的希望和光明所在。 ',2,7.50,1,NULL,NULL,NULL,NULL,NULL,NULL,NULL),('201825070666','九条可怜','女','1234456','2020-09-18 16:11:41','13128834982','林肯十五岁的时候才开始认字母，每天早晚都要走四哩的森林小路到校求学。他买不起算术书，特地向别人借，再用信纸大小的纸片抄下来，然后用麻线缝合，做成一本自制的算术书。他以不定期上课的方式在校求学，知识都是\'一点一点学的\'。他所受的正规教育，总计起来上学的日子不过十二个月左右。林肯能在很艰难的情况下发奋读书，是林肯不向命运屈服的表现，也是我们应该向林肯学习的地方。 \r\n林肯下田工作的时候，也将书本带在身边，一有空闲就看书。中午吃饭时，也是一手拿著玉米饼，一手捧书。他在被提名为总统候选人以后，曾说：「我能够达到这一点小成果，完全是日后应各种需要，时时自修取得的知识。」林肯由一个贫穷的孩子成长为统率美国的政治家的历程，深深地打动著我，他成功的关键在於奋发向上，努力不懈，迎接生活的挑战。林肯做到了，成功了。 ',4,6.75,1,NULL,NULL,NULL,NULL,NULL,NULL,NULL),('20182507089786','曹严华','男','1234353','2020-09-14 22:45:52','13128890811','“水至清则无鱼，人至察则无徒”，做人不能太较真，这正是有人活得潇洒，有人活得太累的原因之所在。做人固然不能玩世不恭，游戏人生，但也不能太较真，认死理。太认真了，就会对什么都看不惯，连一个朋友都容不下，把自己同社会隔绝开。镜子看上去很平，但在高倍放大镜下，就成了凹凸不平的山峦；肉眼看很干净的东西，拿到显微镜下，满目都是细菌。试想，如果我们“戴”着放大镜、显微镜生活，恐怕连饭都不敢吃了。再用放大镜去看别人的毛病，恐怕许多人都会被看成罪不可恕、无可救药的了。',3,6.33,0,NULL,NULL,NULL,NULL,NULL,NULL,NULL),('201825080666','太二','女','123456','2020-09-20 16:41:06','17820558223','测试用',0,10.00,0,NULL,NULL,NULL,NULL,NULL,NULL,NULL),('20182590111','罗密哦','男','212121212','2020-09-22 01:10:58','13188888888','我的态度非常好',0,10.00,0,NULL,NULL,NULL,NULL,NULL,NULL,NULL),('201826080776','alsritter','男','098765','2020-10-17 09:24:29','13255555555','',0,10.00,0,'/extStatic/1602897855739.jpg','','系统管理员','1234@qq.com','','',''),('20182680778','tempalsritter','男','1234','2020-10-17 11:03:20','17820558202','这是备注',0,10.00,0,'/extStatic/1602903798254.jpg','广东省广州市从化区华南农业大学珠江学院','信息办','123@gmail.com','广东','440703198801010678','后勤部老师'),('201895070111','宋茅庞','男','1232114','2020-08-01 00:00:00','1312888888','这个晚秋的黄昏，我在远离城区的郊外散步，原野苍茫秋风苍凉，深红的落日把远山映衬出一个绵延的剪影。这么大的空间，有几个农夫在拉扶着犁耙。他们不是借助牲畜的力量，而是尽自己的力量破开土层。这在广袤的原野上就显得十分渺远，他们的移动，成为黄昏中最动人的一笔。在他们劳作的不远处，散落着的一些短粗的城堞纹丝不动。时日久远，风雨侵蚀无歇，城堞外表如同千疮百孔的马蜂窝，只要看着那厚实沉甸的分量，就很容易使人想起宝剑和英雄，每一块土疙瘩里都可能掉下一则传奇故事，每一阵风卷出的黄尘都可能扬起战马的嘶鸣。如期而至的黄昏笼罩在空寂的城堞上，引人无限遐想：岁月真是无从再现么？其实我已逐渐能够由此领悟中原的笔墨情怀了。在这种环境下生存，特有的意象时时刻刻地熏染，笔下自然就野犷起来，亘古的南北有别，是渗透于艺人艺事的方方面面的，你看看他们手执长锋狼毫在雪白的宣纸上驰骋，多是乘势翻卷的草书，与沙场上的箭镞飞鸣、刀光剑影似乎没有什么两样，只是表现形式更换了罢了。',4,8.75,1,NULL,NULL,NULL,NULL,NULL,NULL,NULL),('201895070322','昝管卢','男','1ss211s234','2020-08-01 00:00:00','13128834248','在我们感慨岁月的磨洗使许多鲜明的过往人事化为乌有的同时，还是会看到许多不畏惧风霜刀斧剔抉的古典依然如故。我看到并抚摸到了这些昔日古都的石像、石碑。四季轮回春秋迭代，石像中的文官武将，已失却了当年的文质彬彬或威武睥睨，在改朝换代的风云中一脸漠然。他们有的依旧兀立于田头篱角，有的则离开原来坐落的方位，被人集中一室面面相觑。他们是留恋秦时汉时的明月呢，还是渴望唐时宋时的清风呢？令人乐意驻足的是与石像同存的石碑。时光的清冷沁入了石表，损伤了点画结构，使句读时不免受阻。可心灵却因之而酣畅，分明品味出碑文深处的内涵，丰富而深沉。这使我们面临它的时候，看出旧日创造的美丽辉煌的闪耀；在触摸它的时候，感觉到岁月翩翩远去的雪泥鸿爪，不免能领悟上苍的一点暗喻，一点象征，一点意趣。这是如今一些雕琢精美的石像石碑所无从具备的。这些古代的石头荡起的历史回声，很有可能会令我们捡拾起精神上的一些遗失。',1,10.00,1,NULL,NULL,NULL,NULL,NULL,NULL,NULL),('201895070344','江童颜','女','12321142121','2020-08-01 00:00:00','1312821388','我又一次地见到黄河。这个季节，黄河正走向安静，两岸萋萋芳草，正随着晚秋的劲风扭动腰肢。我内心自然有荒凉之意，因为在此之前我才欣赏到壶口那一泻千里的瀑布，怎么也想不到在这里化为宁静。不过，话说回来，黄河毕竟是黄河，和芳草碧连天的江南溪流大有不同，还是罄露出了它的雄浑和宽博。随便俯身掬一捧水，都可以察觉出积淀下来的桀骜不驯，黄河就是这一捧水的无限放大。',2,7.50,0,NULL,NULL,NULL,NULL,NULL,NULL,NULL),('201895070999','时傅皮','男','123211sss4','2020-08-01 00:00:00','1313218888','在中原的大地上穿行，有一种纵横六合天高地迥的开阔逼进心胸。像我这样方向感不强的人，如果向匆匆前行的中原人讨教，他们总是会站定了，缓缓抬手，至眉端，“诺，向南猛走，再向西拐”。他们的方位感特别强，又有一种指挥若定、胸有成竹的意气。我从中得到的暗示是，当年中原逐鹿的后代，血液中还流动着纵横捭阖的气概，犹如指点江山那般。',4,4.75,1,NULL,NULL,NULL,NULL,NULL,NULL,NULL),('201895072122','文晨宇','女','123211dwd4','2020-08-01 00:00:00','1312887778','一弯寒月升上来了，远处近处层次分明。这不是十五的月亮，却由此衬托出了空间的苍茫无限，朦胧色调更平添这一古老地域的神秘与辽远。流连在历史往事的废墟上，思想无处不达地展开，灵活并且随意。在搜寻这方土地的遗留时，有许多次，视觉是徒劳无获的，只有靠心灵去感受，用知觉去捕捉。像这样有着悠久历史积淀的地方，战争的风云、英雄的情操，艺术的拙朴、民气的强悍，根本不会因时光潮水的浸漫而退却。',3,10.00,1,NULL,NULL,NULL,NULL,NULL,NULL,NULL),('worker','测试维修员','男','worker','2020-08-01 00:00:00','13111111111','测试用',7,6.54,0,NULL,'教职宿舍 13-1','信息学院','12345@gmail.com','广东','440184198601010775','后勤人员');
/*!40000 ALTER TABLE `WORKER_TB` ENABLE KEYS */;
UNLOCK TABLES;

--
-- Table structure for table `equipment_tb`
--

DROP TABLE IF EXISTS `equipment_tb`;
/*!40101 SET @saved_cs_client     = @@character_set_client */;
/*!40101 SET character_set_client = utf8 */;
CREATE TABLE `equipment_tb` (
  `ename` varchar(50) COLLATE utf8mb4_unicode_ci NOT NULL COMMENT '设备名称',
  `state` int(11) NOT NULL DEFAULT '0' COMMENT '0 表示无事发生\r\n1 表示维修中',
  `id` int(11) NOT NULL AUTO_INCREMENT COMMENT '设备 id 主键',
  `eclass` varchar(50) COLLATE utf8mb4_unicode_ci DEFAULT '其它' COMMENT '设备分类',
  `egrade` int(11) NOT NULL DEFAULT '1' COMMENT '1-5 个等级，逐级递增',
  `eweight` int(11) NOT NULL DEFAULT '0' COMMENT '开始是 0 到 10 时需要进行检查，报修后刷新为 0 ，如果在报修前都没有坏则根据上次检查的时间判断过了多久来加权，所以需要加多两个字段-上次维修时间---多久更新一级',
  `update_date` datetime NOT NULL DEFAULT CURRENT_TIMESTAMP COMMENT '上次检查时间',
  `eweight_grade` int(11) NOT NULL DEFAULT '360' COMMENT '单位是天，每过这个就加权一次',
  `eworker` varchar(50) COLLATE utf8mb4_unicode_ci NOT NULL COMMENT '负责该设备维修的工人',
  `using_unit` varchar(100) COLLATE utf8mb4_unicode_ci DEFAULT '学校' COMMENT '使用该设备的单位',
  `etype` varchar(100) COLLATE utf8mb4_unicode_ci DEFAULT NULL COMMENT '设备的型号',
  `url` varchar(120) COLLATE utf8mb4_unicode_ci DEFAULT NULL COMMENT '设备照片',
  `address` varchar(120) COLLATE utf8mb4_unicode_ci DEFAULT '未填写' COMMENT '地址',
  PRIMARY KEY (`id`),
  KEY `equipment_tb_fk` (`eworker`),
  CONSTRAINT `equipment_tb_fk` FOREIGN KEY (`eworker`) REFERENCES `WORKER_TB` (`WORK_ID`)
) ENGINE=InnoDB AUTO_INCREMENT=19 DEFAULT CHARSET=utf8mb4 COLLATE=utf8mb4_unicode_ci COMMENT='帖二维码的设备';
/*!40101 SET character_set_client = @saved_cs_client */;

--
-- Dumping data for table `equipment_tb`
--

LOCK TABLES `equipment_tb` WRITE;
/*!40000 ALTER TABLE `equipment_tb` DISABLE KEYS */;
INSERT INTO `equipment_tb` (`ename`, `state`, `id`, `eclass`, `egrade`, `eweight`, `update_date`, `eweight_grade`, `eworker`, `using_unit`, `etype`, `url`, `address`) VALUES ('超级大冰箱',1,1,'冰箱',1,0,'2020-10-13 20:15:06',360,'worker','信息学院','E001',NULL,'学校天桥底'),('中央处理器',0,2,'电脑',1,1,'2020-10-13 20:15:18',360,'2018250705646','信息学院','E001',NULL,'学校天桥底'),('多媒体大屏幕',1,3,'屏幕',1,0,'2020-10-13 20:38:37',360,'201825070666','信息学院','E001',NULL,'学校天桥底'),('电竞屏',0,4,'屏幕',1,2,'2020-10-13 20:43:05',360,'20182507089786','信息学院','A021',NULL,'棋牌室'),('监控屏幕',1,7,'屏幕',2,0,'2020-10-13 21:35:00',360,'worker','信息学院','B021',NULL,'保安室'),('中央空调',0,8,'空调',3,3,'2020-10-14 04:24:39',30,'201895070344','学生宿舍','A012',NULL,'15栋611'),('中央空调02',1,9,'空调',2,2,'2020-10-14 16:54:34',360,'201895070999','学校','A001',NULL,'教职宿舍101'),('冰箱A01',0,10,'冰箱',3,4,'2020-10-14 17:37:46',360,'201895072122','学校','B001',NULL,'学校饭堂'),('空调',0,11,'空调',4,6,'2020-10-15 15:35:22',60,'2018250705641','信息学院','A0123','/extStatic/1602747320084.jpg','15-612'),('交换机',0,12,'电脑',5,7,'2020-10-15 23:58:28',360,'201895070344','信工学院',NULL,'/extStatic/1602777507145.jpeg','18栋162'),('空气净化器',0,13,'电器',3,0,'2020-10-17 10:15:19',180,'201825070103','2栋教师',NULL,'/extStatic/1602900889541.jpg','2栋教师办公室'),('风扇',0,14,'电脑',3,0,'2020-10-17 10:19:05',360,'20182507089786','15栋6楼教师办公室',NULL,'/extStatic/1602901137918.jpg','15栋6楼教师办公室'),('吊扇',0,15,'电器',2,0,'2020-10-17 10:21:13',360,'2018250705644','1栋舍管休息室',NULL,'/extStatic/1602901267417.jpg','1栋舍管休息室'),('空调',0,16,'空调',2,0,'2020-10-17 10:22:43',360,'2018250701222','2栋2楼教师办公室',NULL,'/extStatic/1602901361756.jpg','2栋2楼教师办公室'),('空调',0,17,'空调',2,0,'2020-10-17 10:23:59',360,'2018250705646','2栋2楼教师办公室',NULL,'/extStatic/1602901438257.jpg','2栋2楼教师办公室'),('饮水机',0,18,'冰箱',2,0,'2020-10-17 10:25:19',180,'2018250705646','2栋2楼教师办公室',NULL,'/extStatic/1602901438257.jpg','2栋2楼教师办公室');
/*!40000 ALTER TABLE `equipment_tb` ENABLE KEYS */;
UNLOCK TABLES;
/*!50003 SET @saved_cs_client      = @@character_set_client */ ;
/*!50003 SET @saved_cs_results     = @@character_set_results */ ;
/*!50003 SET @saved_col_connection = @@collation_connection */ ;
/*!50003 SET character_set_client  = utf8mb4 */ ;
/*!50003 SET character_set_results = utf8mb4 */ ;
/*!50003 SET collation_connection  = utf8mb4_general_ci */ ;
/*!50003 SET @saved_sql_mode       = @@sql_mode */ ;
/*!50003 SET sql_mode              = 'ONLY_FULL_GROUP_BY,STRICT_TRANS_TABLES,NO_ZERO_IN_DATE,NO_ZERO_DATE,ERROR_FOR_DIVISION_BY_ZERO,NO_ENGINE_SUBSTITUTION' */ ;
DELIMITER ;;
/*!50003 CREATE*/ /*!50017 DEFINER=`root`@`%`*/ /*!50003 TRIGGER equipment_tb_before_insert
    BEFORE INSERT
    ON equipment_tb
    FOR EACH ROW
BEGIN
    IF NEW.egrade < 1 THEN
        SET NEW.egrade = 1;
    END IF;
    IF NEW.egrade > 5 THEN
        SET NEW.egrade = 5;
    END if;
    IF NEW.eweight < 0 THEN
        SET NEW.eweight = 0;
    END IF;
    IF NEW.eweight > 10 THEN
        SET NEW.eweight = 10;
    END if;
END */;;
DELIMITER ;
/*!50003 SET sql_mode              = @saved_sql_mode */ ;
/*!50003 SET character_set_client  = @saved_cs_client */ ;
/*!50003 SET character_set_results = @saved_cs_results */ ;
/*!50003 SET collation_connection  = @saved_col_connection */ ;
/*!40103 SET TIME_ZONE=@OLD_TIME_ZONE */;

/*!40101 SET SQL_MODE=@OLD_SQL_MODE */;
/*!40014 SET FOREIGN_KEY_CHECKS=@OLD_FOREIGN_KEY_CHECKS */;
/*!40014 SET UNIQUE_CHECKS=@OLD_UNIQUE_CHECKS */;
/*!40101 SET CHARACTER_SET_CLIENT=@OLD_CHARACTER_SET_CLIENT */;
/*!40101 SET CHARACTER_SET_RESULTS=@OLD_CHARACTER_SET_RESULTS */;
/*!40101 SET COLLATION_CONNECTION=@OLD_COLLATION_CONNECTION */;
/*!40111 SET SQL_NOTES=@OLD_SQL_NOTES */;

-- Dump completed on 2020-11-14 17:48:53
